"","time","iSH2_1_10","PH_1_10","iSH2_1_2","PH_1_2","iSH2_1_3","PH_1_3","iSH2_1_5","PH_1_5","iSH2_1_6","PH_1_6","iSH2_1_7","PH_1_7","iSH2_1_9","PH_1_9","iSH2_2_1","PH_2_1","iSH2_2_2","PH_2_2","iSH2_2_4","PH_2_4","iSH2_2_5","PH_2_5","iSH2_2_6","PH_2_6","iSH2_2_7","PH_2_7","iSH2_2_8","PH_2_8","iSH2_3_5","PH_3_5","iSH2_3_7","PH_3_7","iSH2_3_8","PH_3_8"
"1",15,1.4594,1.2946,1.6132,1.3077,1.2689,1.497,1.4987,1.3137,1.3325,1.1777,1.3751,1.2056,1.5907,1.3979,1.0833,0.8353,0.8378,0.9244,1.067,1.2761,0.9615,1.0582,0.8094,0.8818,0.968,1.0668,1.1598,1.3074,0.9623,1.4888,1.1703,1.257,1.1427,1.4507
"2",30,1.4404,1.3577,1.6563,1.2436,1.3371,1.5201,1.5666,1.27,1.3002,1.1429,1.387,1.1634,1.6689,1.4249,1.2232,0.9153,0.834,0.9356,1.0711,1.2634,0.9736,1.0844,0.815,0.8995,0.9898,1.0831,1.2257,1.3016,0.9383,1.5023,1.1387,1.2641,1.16,1.4022
"3",45,1.5194,1.2862,1.7085,1.2387,1.3848,1.508,1.6461,1.2965,1.3099,1.0774,1.3891,1.1536,1.671,1.4935,1.2923,1.0152,0.8264,0.8954,1.035,1.2217,0.9722,1.0911,0.8238,0.9427,0.9873,1.0522,1.0633,1.2194,0.9398,1.5191,1.1467,1.2606,1.1186,1.4022
"4",60,1.451,1.3693,1.7041,1.2473,1.4548,1.5164,1.6309,1.3479,1.302,1.208,1.3873,1.157,1.6484,1.4087,1.4307,0.7469,0.8483,0.9214,1.0377,1.2243,1.0259,1.1103,0.8103,0.9056,0.9736,1.0573,1.2774,1.3242,0.9369,1.4697,1.1538,1.2732,1.1203,1.3872
"5",75,1.529,1.3168,1.63,1.2697,1.3296,1.487,1.5054,1.3418,1.3593,1.2404,1.4553,1.183,1.721,1.4962,1.1833,0.9375,0.8401,0.9378,1.0707,1.2487,0.9465,1.0819,0.8067,0.8909,0.9659,1.0339,1.1451,1.2226,0.9592,1.5031,1.1522,1.2537,1.1246,1.3819
"6",90,1.4986,1.3316,1.7039,1.2861,1.3651,1.4545,1.6677,1.3616,1.2465,1.0662,1.4137,1.2366,1.5943,1.4143,1.2412,0.8372,0.8885,0.9482,1.1017,1.276,1,1.0848,0.8011,0.8797,0.9888,1.0536,1.1475,1.2264,0.9603,1.516,1.1755,1.2809,1.1283,1.3652
"7",105,1.4832,1.3395,1.7049,1.2245,1.3701,1.4477,1.7727,1.3456,1.325,1.1023,1.4121,1.2052,1.6707,1.4205,1.507,0.7593,0.8534,0.9449,1.0655,1.2521,0.9967,1.1093,0.8091,0.8958,0.9932,1.0604,1.2429,1.2694,0.9548,1.4761,1.165,1.2994,1.1169,1.3768
"8",120,1.5062,1.3325,1.6075,1.2556,1.3628,1.5111,1.6838,1.3042,1.2354,1.1028,1.4239,1.191,1.716,1.4584,1.238,0.8862,0.8655,0.9363,1.0677,1.302,1.0446,1.1306,0.8115,0.8878,0.9983,1.0538,1.2267,1.3065,0.9726,1.5225,1.1759,1.2997,1.1143,1.4079
"9",135,1.5338,1.3728,1.6044,1.2307,1.4302,1.5023,1.6573,1.3721,1.3146,1.1658,1.4338,1.128,1.6695,1.4773,1.2782,0.899,0.8837,0.9381,1.058,1.2848,1.0778,1.1105,0.8326,0.8932,1.0151,1.0823,1.2808,1.3379,0.9938,1.5145,1.15,1.2537,1.1457,1.3829
"10",150,1.5059,1.259,1.6012,1.27,1.3585,1.4379,1.6597,1.3291,1.2565,1.1224,1.4664,1.1583,1.7326,1.5043,1.3065,0.885,0.9061,0.9472,1.1141,1.2999,0.9739,1.0315,0.8367,0.9118,1.0162,1.0588,1.2673,1.3184,0.9759,1.5465,1.1566,1.268,1.1937,1.5009
"11",165,1.6876,1.5143,1.8606,1.4878,1.5493,1.7455,1.8957,1.6142,1.3979,1.2661,1.5364,1.2124,1.8337,1.613,1.1763,0.7956,0.8911,0.8821,1.0923,1.2305,1.075,1.0668,0.8191,0.9038,1.0018,1.0358,1.2082,1.2632,0.9471,1.521,1.1226,1.2612,1.19,1.6114
"12",180,1.6658,1.7323,1.805,1.6428,1.5889,2.1249,1.9241,1.8985,1.4064,1.56,1.4925,1.2685,1.952,2.0208,1.3943,0.8347,0.8769,0.9638,1.0936,1.2649,0.9755,1.0274,0.8361,0.9567,1.0381,1.1509,1.1569,1.2529,1,1.6685,1.1934,1.4862,1.1691,1.7844
"13",195,1.6631,1.8524,1.7819,1.6902,1.5221,2.1678,1.8996,2.1047,1.2468,1.5204,1.4788,1.401,1.9421,1.9887,1.3287,0.8655,0.9191,1.0595,1.079,1.3384,1.0021,1.1483,0.8234,0.9973,1.0616,1.208,1.1112,1.2521,0.9839,1.7605,1.2143,1.5392,1.1966,1.8128
"14",210,1.5808,1.862,1.8461,1.8625,1.3712,2.2609,1.8128,2.0544,1.3042,1.5869,1.419,1.4619,1.7444,1.9518,1.2656,1.055,0.8603,1.1176,1.0534,1.3246,0.9873,1.1719,0.8271,1.0897,1.0779,1.3025,1.1228,1.3533,0.9964,1.9014,1.2156,1.585,1.2318,1.9695
"15",225,1.6532,1.8196,1.6878,1.7334,1.5094,2.2737,1.648,1.7847,1.3556,1.5359,1.5924,1.3962,1.8445,2.1254,1.3049,1.3685,0.879,1.1345,1.0704,1.3907,0.9804,1.2531,0.828,1.1213,1.0612,1.3061,1.0102,1.3119,0.9807,1.8735,1.2376,1.5944,1.23,1.9717
"16",240,1.5608,1.8376,1.7388,1.7624,1.3901,2.2076,1.7438,2.025,1.2889,1.5986,1.4595,1.3842,1.8281,2.1173,1.1859,1.1635,0.8936,1.1809,1.057,1.3865,0.9823,1.2842,0.8371,1.1474,1.0704,1.3327,1.0486,1.3498,1.015,1.9342,1.2043,1.616,1.2506,2.0736
"17",255,1.5353,1.7541,1.7961,1.7874,1.4669,2.0841,1.8016,1.9146,1.2093,1.5635,1.4212,1.398,1.8982,2.1658,1.2785,1.0065,0.8874,1.2754,1.1307,1.4475,1.02,1.2814,0.8501,1.122,1.0317,1.2888,1.1503,1.4354,1.0013,1.9993,1.2091,1.5861,1.2222,2.0751
"18",270,1.541,1.7947,1.8223,1.8452,1.3999,2.0415,1.8035,1.878,1.2314,1.5331,1.4298,1.4223,1.8593,2.1753,1.1982,1.2703,0.9193,1.325,1.0329,1.4381,1.0334,1.3488,0.8656,1.1827,1.0469,1.3756,1.157,1.5095,0.9898,1.9664,1.2249,1.6074,1.2749,2.0876
"19",285,1.5875,1.897,1.7375,1.8745,1.4349,2.1878,1.8316,1.9471,1.3205,1.5792,1.5044,1.3797,1.8256,2.1141,0.8941,1.6706,0.8872,1.3547,1.0327,1.4577,0.9533,1.326,0.8668,1.205,1.0664,1.3649,1.0394,1.4785,0.9966,1.9177,1.2315,1.5979,1.2355,2.1236
"20",300,1.5489,1.8526,1.7132,1.8096,1.3876,2.0879,1.7066,2.0563,1.1985,1.4432,1.4765,1.3642,1.8016,2.1149,0.9616,1.4087,0.8839,1.3287,1.1479,1.5391,1.0091,1.3529,0.8356,1.1829,1.0992,1.4627,1.1088,1.5065,0.9897,1.9544,1.2209,1.5569,1.2678,2.1629
"21",315,1.6104,1.8702,1.7707,1.7626,1.3301,1.9552,1.7382,2.01,1.2488,1.6665,1.3792,1.379,1.7893,2.0965,1.0992,1.5355,0.9165,1.3695,1.0464,1.5063,1.0726,1.3872,0.8865,1.2559,1.0748,1.3948,1.1308,1.5478,1.0199,1.9822,1.2043,1.535,1.2326,2.2056
"22",330,1.5318,1.8121,1.7071,1.8261,1.3689,2.1013,1.6894,1.9318,1.1451,1.5472,1.4297,1.3802,1.7064,1.9731,1.1612,1.3703,0.8914,1.3735,1.0845,1.5213,1.0196,1.3873,0.8536,1.1721,1.1058,1.4264,1.0991,1.5674,0.9842,1.9766,1.2269,1.5145,1.2842,2.1952
"23",345,1.5783,1.7784,1.7052,1.72,1.4136,2.0757,1.5058,2.0543,1.2482,1.6716,1.4146,1.335,1.8414,2.2195,1.2012,1.3053,0.925,1.428,1.1069,1.4954,1.0763,1.4218,0.8489,1.2034,1.1043,1.4348,1.1125,1.5879,0.996,1.9974,1.2257,1.5284,1.281,2.0757
"24",360,1.5801,1.8354,1.5974,1.6794,1.3866,2.0818,1.8041,2.0239,1.2208,1.6475,1.4343,1.2889,1.7653,2.0464,0.7803,1.3529,0.9095,1.4194,1.0649,1.5089,1.0914,1.4443,0.8677,1.2475,1.1004,1.4374,1.0378,1.5695,0.9998,1.9829,1.1804,1.509,1.2646,2.0938
"25",375,1.5474,1.8053,1.7319,1.6832,1.32,1.9555,1.8537,1.9976,1.3437,1.6382,1.3935,1.3283,1.7056,1.9668,0.9601,1.4012,0.9186,1.4699,1.1191,1.5014,1.059,1.4828,0.8834,1.2047,1.0834,1.403,1.0429,1.6605,1.0221,2.0257,1.2367,1.5167,1.3121,2.1298
"26",390,1.5262,1.8388,1.6799,1.7405,1.3521,1.9806,1.7075,1.8819,1.2686,1.473,1.4301,1.3504,1.7657,1.9843,0.8094,1.4758,0.8998,1.4781,1.0305,1.4979,1.1036,1.4521,0.8991,1.2777,1.0994,1.4349,1.0746,1.5781,1.0299,2.0593,1.2512,1.5132,1.2899,2.2049
"27",405,1.5326,1.6768,1.6658,1.6733,1.3914,1.9979,1.7575,1.9581,1.2681,1.4861,1.3786,1.3163,1.782,2.0117,1.0516,1.4306,0.9349,1.536,1.1139,1.5076,1.0702,1.4738,0.8729,1.2332,1.0999,1.4532,1.1031,1.6031,1.0298,1.8989,1.2284,1.5104,1.3414,2.247
"28",420,1.5578,1.752,1.6504,1.7259,1.306,1.9409,1.7441,1.9116,1.2521,1.5682,1.3932,1.3489,1.7867,2.0091,0.7481,1.4208,0.9797,1.4814,1.0733,1.5027,1.0994,1.4991,0.8644,1.257,1.1018,1.4287,1.0556,1.6375,0.9739,2.0017,1.196,1.4889,1.3195,2.2796
"29",435,1.5249,1.8433,1.6837,1.5626,1.2929,1.7646,1.5511,1.8324,1.2657,1.5315,1.4301,1.2748,1.769,1.9082,1.138,1.2792,0.9643,1.4567,1.1001,1.5302,1.0604,1.4856,0.8774,1.232,1.0854,1.4054,1.1339,1.665,1.0121,1.9387,1.2355,1.5207,1.3368,2.2667
"30",450,1.5004,1.7732,1.6621,1.6451,1.281,1.9708,1.6468,1.9216,1.3212,1.6134,1.445,1.3055,1.8803,2.0022,0.7158,1.6682,0.9365,1.4142,1.094,1.4895,1.0212,1.4281,0.8693,1.2121,1.159,1.4436,1.1997,1.7511,1.03,2.0035,1.1939,1.4917,1.3306,2.2746
"31",465,1.1222,1.1587,1.1683,1.2494,1.1217,1.3005,1.0095,0.9371,1.1215,1.0314,1.218,0.9537,1.3044,1.254,0.9481,1.2768,0.9339,1.3827,1.0688,1.487,1.0758,1.481,0.9187,1.2964,1.0557,1.3391,1.1058,1.5957,0.9311,2.0142,1.1039,1.523,1.1028,2.3659
"32",480,1.0161,1.9384,1.0948,1.8326,0.8,2.0936,1.1096,1.9537,0.7651,1.8943,1.0519,1.3664,1.2102,2.1112,0.5815,1.4879,0.8548,1.443,1.016,1.5252,0.9289,1.4878,0.8084,1.2195,0.95,1.4339,1.0034,1.5686,0.9228,2.0122,1.0543,1.4981,1.0565,2.2395
"33",495,1.041,1.9768,1.1248,1.7458,0.7626,2.038,1.113,1.9449,0.8272,1.6441,1.015,1.3379,1.2092,2.1184,1.019,1.1668,0.7863,1.4554,1.0028,1.5296,0.8471,1.517,0.7877,1.2837,0.8686,1.3763,0.9298,1.6191,0.9175,1.9447,1.1005,1.5489,1.0963,2.2214
"34",510,1.0295,1.9591,1.037,1.7295,0.783,1.9512,1.0505,2.001,0.8561,1.6851,1.0907,1.3362,1.2049,2.199,0.8674,1.411,0.7939,1.4563,0.9659,1.4874,0.8152,1.4783,0.7695,1.2501,0.8851,1.4237,0.9429,1.7151,0.9075,1.9382,1.0643,1.5261,1.0297,2.2379
"35",525,0.9824,1.979,1.0362,1.7628,0.7641,1.9907,1.1014,2.0192,0.748,1.7698,1.0148,1.3641,1.1538,2.1025,0.7181,1.507,0.7876,1.4713,0.9968,1.4798,0.8458,1.545,0.7621,1.2841,0.8689,1.427,0.9646,1.6291,0.9067,1.9101,1.0822,1.5274,1.0027,2.1804
"36",540,1.0324,1.9021,1.0645,1.7822,0.8136,2.0432,1.0474,1.888,0.753,1.7403,1.0572,1.3106,1.1496,2.1091,0.9018,1.2626,0.7784,1.4462,1.039,1.5395,0.8106,1.495,0.768,1.2528,0.8816,1.4798,0.9023,1.6572,0.8919,1.8878,1.1097,1.5864,1.0005,2.2726
"37",555,0.9737,1.9538,1.0793,1.8093,0.7227,1.9171,1.0859,2.0184,0.7909,1.6434,1.0369,1.3686,1.0702,2.1032,0.6963,1.5511,0.7669,1.4765,1.0181,1.5423,0.8193,1.5416,0.7831,1.2653,0.8926,1.4321,0.9618,1.7208,0.9136,1.8446,1.118,1.5702,1.0462,2.2078
"38",570,0.9873,1.843,1.0965,1.8252,0.7758,1.9654,1.0057,1.9152,0.8223,1.761,1.0035,1.3404,1.1906,2.0229,0.9333,1.33,0.7944,1.4412,0.9634,1.4857,0.792,1.506,0.7575,1.2604,0.8548,1.4231,0.9799,1.6815,0.9053,1.8766,1.0616,1.5401,1.0394,2.2421
"39",585,1.021,1.8479,1.0585,1.7141,0.7794,1.915,1.0783,1.9059,0.8228,1.6977,1.107,1.2916,1.1595,2.0738,0.6626,1.7169,0.7924,1.4439,1.0036,1.538,0.8375,1.5485,0.7946,1.3032,0.8848,1.4849,0.9292,1.6601,0.9155,1.8893,1.1007,1.5715,1.0418,2.2471
"40",600,1.079,1.781,1.1278,1.7182,0.7778,1.9438,0.9907,1.808,0.826,1.6944,1.08,1.3492,1.1766,2.0319,0.6547,1.8552,0.7597,1.4305,0.9985,1.4804,0.8338,1.5166,0.8154,1.3426,0.8564,1.4575,0.9629,1.6019,0.97,1.7947,1.1394,1.6192,1.0955,2.2335
"41",615,1.0537,1.7792,1.0477,1.7246,0.8331,1.7998,1.0575,1.854,0.819,1.6412,1.0846,1.332,1.1623,2.0466,0.6846,1.4103,0.7717,1.4474,0.9934,1.4882,0.8419,1.5121,0.7845,1.2657,0.8717,1.417,0.9253,1.7248,0.9675,1.8038,1.0954,1.5457,1.075,2.2354
"42",630,1.079,1.752,1.0718,1.6793,0.779,1.8625,1.1022,1.7988,0.8883,1.7903,1.0303,1.3147,1.1757,1.9006,0.7376,1.401,0.7709,1.4495,1.0298,1.4979,0.8418,1.5657,0.7864,1.2941,0.8564,1.403,0.9975,1.7293,0.9823,1.8105,1.0903,1.5745,1.0784,2.227
"43",645,1.0631,1.7926,1.0683,1.6448,0.8549,1.83,1.0603,1.8889,0.8939,1.7214,1.111,1.302,1.2641,1.9698,0.6607,1.5782,0.7955,1.4928,1.02,1.5212,0.8347,1.5438,0.7892,1.2986,0.8492,1.3931,0.9905,1.6869,0.9039,1.7756,1.156,1.6057,1.0441,2.161
"44",660,1.0571,1.6853,1.0606,1.6064,0.8099,1.8061,0.9205,1.8139,0.7571,1.5257,1.0766,1.2747,1.1635,2.0095,0.6516,1.6531,0.8355,1.4442,1.0505,1.4983,0.8643,1.5545,0.7799,1.289,0.8805,1.4113,0.9017,1.6324,0.9417,1.8122,1.0924,1.5793,1.0861,2.1497
"45",675,1.0672,1.7168,1.0628,1.6775,0.8078,1.8012,1.0115,1.7735,0.8728,1.5643,1.1005,1.3314,1.2232,1.9462,0.7757,1.6418,0.8377,1.4045,1.0227,1.4928,0.8662,1.5838,0.7818,1.2653,0.8913,1.4285,0.9977,1.621,0.9169,1.6703,1.0623,1.5503,1.0436,2.068
"46",690,1.0601,1.6914,1.0514,1.6375,0.7768,1.7521,1.1342,1.7951,0.9066,1.6578,1.1415,1.2779,1.2126,1.9953,0.5675,1.7862,0.7836,1.448,1.0147,1.4759,0.8739,1.5931,0.8171,1.2768,0.9006,1.4094,0.97,1.6703,0.9038,1.7312,1.1382,1.5765,1.0821,2.0993
"47",705,1.0971,1.8079,1.0599,1.6681,0.8731,1.8364,1.062,1.8553,0.904,1.6188,1.1263,1.2573,1.2963,1.9298,0.5875,1.3074,0.7912,1.4289,1.0346,1.4966,0.8615,1.5895,0.8046,1.2511,0.8794,1.3814,0.9844,1.6585,0.9325,1.7239,1.131,1.5682,1.0761,2.1331
"48",720,1.0692,1.7542,1.0563,1.642,0.8561,1.8221,1.0245,1.7708,0.8627,1.5736,1.1127,1.308,1.2252,1.9771,0.5715,1.8896,0.7933,1.4117,1.0841,1.5085,0.8638,1.6041,0.7939,1.2536,0.8542,1.373,0.9031,1.6472,0.9047,1.6596,1.112,1.5657,1.1117,2.2049
"49",735,1.0859,1.7227,1.0274,1.7042,0.7246,1.6172,0.9804,1.8303,0.9115,1.6723,0.9616,1.3127,1.1835,1.9603,0.7141,1.5241,0.7841,1.3795,1.0371,1.496,0.8423,1.5515,0.8119,1.2128,0.8766,1.4041,0.9886,1.6837,0.9016,1.6559,1.1421,1.5628,1.086,2.1315
"50",750,1.0654,1.7998,1.0576,1.5598,0.8201,1.7641,0.9598,1.7881,0.903,1.4666,1.0166,1.2691,1.2407,1.9608,0.6324,1.5223,0.8078,1.4133,1.0038,1.4775,0.8532,1.5831,0.8064,1.2809,0.87,1.3689,1.012,1.647,0.9556,1.6112,1.1448,1.5618,1.1107,2.1551
"51",765,1.1061,1.7229,1.0831,1.6457,0.8282,1.8443,0.9771,1.7177,0.8845,1.6008,1.0595,1.3435,1.2738,1.8926,0.6558,1.458,0.7991,1.4158,1.0537,1.5267,0.8827,1.5582,0.8181,1.2255,0.8459,1.3502,0.8961,1.6213,0.933,1.5789,1.1189,1.5831,1.0843,2.1359
"52",780,1.1596,1.7709,1.051,1.6182,0.7806,1.6175,0.9749,1.6867,0.8539,1.4903,1.1025,1.3703,1.2396,1.8343,0.7687,1.5408,0.7733,1.3878,1.0397,1.4834,0.8711,1.5647,0.8166,1.2253,0.8751,1.3775,1.0576,1.6801,0.9121,1.591,1.1708,1.5584,1.1215,2.1793
"53",795,1.1214,1.7083,1.0877,1.6458,0.7626,1.7088,0.9966,1.8485,0.98,1.5292,1.1681,1.3469,1.181,1.8909,0.7753,1.2042,0.76,1.3924,1.0101,1.4264,0.8714,1.5563,0.8302,1.2345,0.9255,1.3832,0.9616,1.6375,0.9451,1.5937,1.1278,1.5096,1.0943,2.1651
"54",810,1.0841,1.7724,1.043,1.5777,0.825,1.6809,0.9646,1.8071,0.9198,1.5103,1.0731,1.322,1.2518,1.8807,0.7249,1.5127,0.7773,1.3688,1.1076,1.5657,0.8746,1.6331,0.8211,1.2424,0.8735,1.3715,0.9972,1.6581,0.9348,1.5661,1.1582,1.5589,1.1249,2.1494
"55",825,1.137,1.7109,1.0828,1.5833,0.8586,1.7107,1.0133,1.7807,0.9169,1.5357,1.1537,1.3109,1.2803,1.8703,0.6487,1.4222,0.7841,1.4062,1.0588,1.5155,0.8646,1.5748,0.8115,1.1918,0.8744,1.3271,0.9812,1.6988,0.9328,1.5465,1.1565,1.5604,1.1104,2.1773
"56",840,1.0969,1.6919,1.0269,1.5545,0.8205,1.706,0.953,1.7278,0.9074,1.5627,1.0807,1.3384,1.2069,1.9404,0.7715,1.4674,0.7844,1.3921,1.0419,1.4942,0.8626,1.5803,0.8228,1.2474,0.8756,1.3346,1.0153,1.6269,0.962,1.535,1.1839,1.5633,1.1394,2.2583
"57",855,1.0832,1.7149,1.0652,1.5828,0.8403,1.7858,0.9933,1.7314,0.9674,1.5761,1.0637,1.2663,1.2245,1.9026,0.6008,1.7385,0.8065,1.3961,1.1194,1.5209,0.8502,1.605,0.7936,1.1843,0.9104,1.378,1.0144,1.6375,0.9687,1.5055,1.1437,1.5572,1.1081,2.2051
"58",870,1.0797,1.7234,1.0294,1.5643,0.8036,1.7068,1.0533,1.7813,1.0032,1.572,1.151,1.2918,1.1895,1.782,0.6108,1.4549,0.7892,1.3865,1.0887,1.5472,0.8716,1.5698,0.823,1.2254,0.869,1.3614,1.0447,1.6638,0.8963,1.5251,1.111,1.5257,1.1149,2.2229
"59",885,1.0987,1.6977,1.0393,1.6076,0.8381,1.7743,1.0155,1.6506,0.8701,1.5159,1.1274,1.2935,1.242,1.9128,0.6459,1.5723,0.7845,1.3926,1.0941,1.5352,0.8813,1.6018,0.7956,1.2105,0.8747,1.3413,1.0638,1.7054,0.9143,1.5303,1.1568,1.5609,1.1345,2.2271
"60",900,1.0986,1.7147,1.0554,1.58,0.825,1.6429,1.0225,1.8096,0.9616,1.5666,1.1291,1.2779,1.309,1.9358,0.7852,1.3906,0.7985,1.4009,1.1068,1.5339,0.8949,1.579,0.8265,1.186,0.8675,1.3482,0.997,1.6618,0.9523,1.5663,1.1661,1.5757,1.1593,2.269
"61",915,1.1088,1.6443,1.0318,1.6272,0.844,1.7447,1.0058,1.8036,0.9483,1.6093,1.1351,1.3114,1.2038,1.8594,0.7264,1.5867,0.7926,1.3677,1.0758,1.5162,0.8897,1.5964,0.8253,1.2413,0.9098,1.3682,1.0728,1.6614,0.9257,1.5133,1.1588,1.5516,1.1122,2.2975
"62",930,1.1182,1.6715,0.9886,1.5398,0.852,1.7186,1.0374,1.6983,0.8805,1.5856,1.113,1.2264,1.2519,1.8383,0.8214,1.16,0.8134,1.3745,1.1041,1.5495,0.892,1.6099,0.8175,1.2094,0.9088,1.3965,1.0044,1.6221,0.9516,1.5324,1.1568,1.5729,1.1284,2.2245
"63",945,1.1252,1.6208,1.0438,1.6459,0.8287,1.5879,1.0085,1.6799,0.9339,1.5305,1.1563,1.2253,1.2344,1.8282,0.6368,1.4848,0.7878,1.3758,1.097,1.5378,0.8797,1.5762,0.8416,1.2014,0.9222,1.3599,1.0575,1.6762,0.8922,1.4752,1.1693,1.5382,1.1038,2.2751
"64",960,1.0884,1.6973,1.0281,1.5498,0.845,1.675,1.0162,1.7494,0.9172,1.5157,1.1197,1.2853,1.1754,1.8233,0.6464,1.5645,0.774,1.3277,1.0663,1.5287,0.9025,1.5768,0.8073,1.2081,0.9214,1.3477,0.9508,1.6428,0.9904,1.4637,1.171,1.5382,1.1586,2.2335
"65",975,1.1055,1.6056,1.0572,1.538,0.8425,1.7119,1.0929,1.6783,0.9646,1.5214,1.1531,1.3613,1.229,1.7996,0.6918,1.4895,0.7869,1.327,1.0813,1.5456,0.8962,1.5851,0.8306,1.1899,0.8954,1.3113,1.1326,1.6805,0.9828,1.4585,1.1833,1.5734,1.123,2.2881
"66",990,1.1087,1.7192,1.0537,1.5225,0.8218,1.6935,1.0211,1.661,0.9243,1.5365,1.1375,1.2919,1.2523,1.7736,0.7536,1.4297,0.7769,1.3462,1.0616,1.5058,0.8872,1.5823,0.8174,1.235,0.8946,1.3626,1.0689,1.6621,0.9634,1.4822,1.1955,1.5591,1.1097,2.2314
"67",1005,1.102,1.6599,1.039,1.5378,0.8992,1.6273,1.0365,1.6008,0.8989,1.5088,1.0652,1.3027,1.1462,1.7747,0.8409,1.3283,0.7848,1.3143,1.0873,1.5503,0.865,1.5297,0.7942,1.1505,0.9336,1.352,1.0961,1.6664,0.994,1.4612,1.1724,1.5319,1.1338,2.162
"68",1020,1.1,1.6477,1.0652,1.5668,0.8185,1.6524,0.9446,1.5976,0.8689,1.4901,1.027,1.3208,1.251,1.8258,0.8166,1.4337,0.7817,1.3009,1.0585,1.5107,0.9051,1.5872,0.7966,1.1357,0.8962,1.3066,1.0798,1.7026,0.9237,1.4457,1.1901,1.5351,1.1216,2.2315
"69",1035,1.0385,1.6348,1.0443,1.5089,0.7874,1.6218,0.9613,1.5381,0.8578,1.4819,1.0654,1.254,1.2247,1.718,0.7936,1.2398,0.7905,1.3602,1.0614,1.5379,0.9137,1.6083,0.8208,1.1721,0.9328,1.4266,1.0571,1.7159,0.9069,1.4626,1.1562,1.5175,1.0776,2.1266
"70",1050,1.1445,1.6268,1.0434,1.4862,0.8596,1.5992,1.074,1.7191,0.9592,1.59,1.1932,1.1758,1.2636,1.7555,0.7712,1.3805,0.757,1.325,1.0778,1.5047,0.9229,1.5815,0.8091,1.1755,0.8831,1.3148,1.1309,1.7501,0.9373,1.4541,1.1592,1.4936,1.1154,2.1615
"71",1065,1.1287,1.6022,1.0396,1.5795,0.8716,1.6471,0.9953,1.6633,0.9616,1.5259,1.1466,1.2508,1.2772,1.7051,0.7146,1.4356,0.8378,1.3698,1.129,1.5412,0.9194,1.5711,0.8334,1.152,0.8835,1.307,1.0734,1.7154,0.9203,1.4489,1.1923,1.5474,1.1685,2.2044
"72",1080,1.178,1.7178,1.0787,1.5261,0.8824,1.6881,1.0415,1.6461,0.8841,1.5143,1.1382,1.2436,1.2727,1.723,0.5799,1.2234,0.8154,1.3395,1.1673,1.6177,0.9204,1.5508,0.8314,1.1941,0.9121,1.3035,1.0776,1.6997,0.9855,1.479,1.1822,1.5308,1.1775,2.2699
"73",1095,1.137,1.6099,1.0696,1.4926,0.8437,1.5817,0.9961,1.5781,0.9294,1.5089,1.1404,1.2434,1.224,1.7319,0.7046,1.2343,0.8036,1.2878,1.1234,1.5484,0.8949,1.5127,0.836,1.1214,0.8777,1.2624,1.0434,1.6797,0.9709,1.4133,1.1532,1.4714,1.2009,2.2402
"74",1110,1.175,1.639,1.0243,1.4164,0.8741,1.5421,0.9317,1.5957,0.917,1.4117,1.1403,1.3487,1.2074,1.745,0.6811,1.4916,0.8138,1.2874,1.1052,1.583,0.9114,1.5489,0.8395,1.178,0.89,1.3155,1.102,1.6764,0.9863,1.457,1.1757,1.4644,1.1671,2.224
"75",1125,1.1382,1.5975,1.0493,1.494,0.807,1.6103,0.926,1.6122,0.9596,1.4287,1.1427,1.2736,1.2147,1.7689,0.6079,1.7345,0.8004,1.2881,1.1388,1.5758,0.9474,1.5791,0.8186,1.1077,0.9254,1.3281,1.1466,1.7294,0.9667,1.461,1.1618,1.4698,1.197,2.2366
"76",1140,1.1389,1.6296,1.0722,1.4164,0.9189,1.5701,1.0209,1.7189,0.9883,1.5324,1.1943,1.2579,1.2274,1.6966,0.6095,1.3978,0.8148,1.3097,1.1413,1.6142,0.9309,1.5053,0.8075,1.1594,0.9313,1.3439,1.2065,1.7795,0.9661,1.4286,1.1575,1.4929,1.1399,2.2495
"77",1155,1.1657,1.6202,1.0677,1.4193,0.9384,1.6656,1.0625,1.5953,0.9692,1.5034,1.1566,1.2631,1.2363,1.747,0.9899,1.1972,0.8112,1.3196,1.1316,1.6021,0.9504,1.5309,0.8231,1.1632,0.9395,1.3654,1.1878,1.7883,0.9336,1.4155,1.1531,1.4576,1.0842,2.201
"78",1170,1.152,1.6384,1.0775,1.4303,0.8681,1.506,0.9801,1.5621,0.9804,1.5051,1.1497,1.2194,1.2539,1.6618,0.6848,1.504,0.7799,1.3657,1.1366,1.5723,0.9291,1.5157,0.8197,1.1262,0.9423,1.3614,1.1034,1.6793,0.9923,1.434,1.1522,1.4389,1.1275,2.204
"79",1185,1.1525,1.5777,1.0563,1.4363,0.9035,1.5359,0.9986,1.5771,0.9723,1.4143,1.161,1.2881,1.2168,1.6177,0.6326,1.2093,0.7837,1.3111,1.1684,1.5544,0.9596,1.5491,0.8295,1.1526,0.9704,1.3928,1.1485,1.741,0.9589,1.3596,1.1883,1.4666,1.1386,2.2401
"80",1200,1.1635,1.5834,1.0325,1.4691,0.8884,1.4979,1.024,1.5732,0.9008,1.4152,1.0977,1.2892,1.2247,1.7067,0.7256,1.4267,0.7931,1.326,1.1747,1.5925,0.9423,1.5754,0.8024,1.1053,0.9484,1.3211,1.176,1.7792,0.9521,1.3909,1.1778,1.4257,1.1294,2.2041
"81",1215,1.2174,1.6273,1.0583,1.4328,0.9181,1.5798,1.0277,1.5631,1.0023,1.3957,1.0906,1.2352,1.2234,1.6475,0.6655,1.3386,0.7942,1.3365,1.1511,1.5602,0.9687,1.508,0.8088,1.1274,0.978,1.3612,1.1216,1.7009,0.9545,1.4129,1.1351,1.4313,1.1427,2.1064
